monthly_charges,tenure,contract_type,support_calls,target
79.93428306022466,44,0,1,0
67.2347139765763,49,0,1,0
82.95377076201385,61,0,0,0
100.46059712816052,67,0,0,0
65.31693250553329,6,0,1,1
65.3172608610164,9,0,1,1
101.58425631014782,6,1,1,0
85.34869458305818,32,1,3,0
60.610512281300956,41,1,2,0
80.8512008717193,8,1,2,0
60.73164614375075,50,1,0,0
60.68540492859486,62,0,2,0
74.83924543132068,62,0,1,0
31.73439510684404,7,0,2,1
35.501643349739346,4,0,1,1
58.754249415180546,6,1,0,0
49.74337759331152,58,0,1,0
76.28494665190547,22,0,2,0
51.83951848957578,26,1,4,0
41.75392597329417,3,0,1,1
99.31297537843108,41,0,1,0
65.4844739902693,60,1,2,0
71.35056409375848,14,0,0,0
41.505036275730866,12,0,6,1
59.11234550949635,12,0,1,0
72.21845179419732,13,0,0,0
46.980128451553945,25,0,0,0
77.51396036691344,45,1,3,0
57.9872262016239,19,1,2,0
64.16612500413447,55,1,1,0
57.96586775541206,45,1,2,0
107.04556369017875,8,1,3,1
69.73005550524132,53,1,0,0
48.84578142088199,55,0,0,0
86.45089824206377,32,1,2,0
45.58312700057955,51,1,2,0
74.1772719000951,44,0,2,0
30.806597522404488,70,0,1,0
43.436279022031385,18,1,2,0
73.93722471738246,22,0,0,0
84.76933159990821,37,1,0,0
73.4273656237994,56,0,1,0
67.68703435223519,59,1,0,0
63.977926088214225,3,0,4,1
40.42956019265145,28,0,1,0
55.60311583210583,35,1,5,0
60.78722458080425,61,1,2,0
91.1424445243783,54,1,2,0
76.87236579136923,63,1,7,0
34.73919689274532,7,1,2,0
76.4816793878959,49,0,2,0
62.29835439167367,31,1,2,0
56.461559993880826,58,1,0,0
82.23352577681736,61,0,0,0
90.61999044991902,24,0,2,0
88.62560238232398,20,1,1,0
53.21564953554723,37,0,2,0
63.81575248297571,4,0,0,1
76.62526862807128,20,1,1,0
89.51090254244718,60,0,2,0
60.4165152430942,24,0,1,0
66.28682046672365,50,1,2,0
47.873300519879436,49,1,2,0
46.07586751838659,51,0,4,1
86.25051644788397,36,0,1,0
97.12480057141646,66,1,1,0
68.55979756839332,34,0,1,0
90.07065795784048,36,0,0,0
77.23272050095268,6,0,1,1
57.09760490789751,39,1,1,0
77.22791211016828,42,0,0,0
100.76073132931938,58,0,0,0
69.28347921780097,12,1,0,0
101.29287311628012,3,0,3,1
17.60509791820511,18,0,2,0
86.43805008750448,40,1,1,0
71.74094136476343,21,1,4,0
64.01985299068265,15,1,2,0
71.83521553071004,26,1,0,0
30.248621707982146,8,0,1,1
65.60656224324975,42,0,2,0
77.14225143023492,44,1,0,0
99.55788089483032,14,1,0,0
59.63459563452705,2,0,2,1
53.830127942136244,37,1,3,0
59.96485912830927,69,0,2,0
88.30804235404148,38,1,2,0
76.57502219319369,41,0,1,0
59.404795924659226,62,1,0,0
80.26534866226712,60,1,1,0
71.9415509869608,14,0,1,0
89.37289981065778,2,1,0,0
55.95893812245295,70,0,1,0
63.44675706804463,17,0,1,0
62.15783693735685,28,0,1,0
40.72970103735763,66,0,2,0
75.92240554129152,35,0,3,1
75.22110544359779,5,1,1,0
70.10226913284922,65,1,2,0
65.30825733249706,40,0,4,1
41.69258515899172,56,1,2,0
61.58709354469282,36,0,0,0
63.14570966946461,45,1,2,0
53.95445461556762,23,1,3,0
66.77428576667981,47,1,1,0
78.08101713629077,31,1,1,0
107.7237180242106,11,0,1,1
73.49155625663678,10,0,2,1
75.15100781445528,67,1,4,0
68.51108168467665,14,1,4,0
31.62457569401917,10,0,1,1
69.46972249101566,1,1,1,0
71.20460419882053,5,0,6,1
119.26484224970572,20,0,1,0
66.15278070437755,8,0,2,1
76.03094684667225,43,1,0,0
69.30576460589513,1,0,1,1
46.626439247609355,57,1,3,0
92.85645629030041,64,0,4,1
85.03866065373549,28,1,3,0
85.82063894086093,37,1,2,0
51.81225090410522,47,1,0,0
98.05588621872198,37,0,1,0
41.962978744154384,49,0,1,0
81.73714187600541,44,1,3,0
113.80911251619958,56,1,4,0
50.18927349738623,28,1,1,0
58.67404540794456,6,0,1,1
71.99302730175282,61,0,1,0
59.93048691767601,20,0,1,0
38.98673137867735,2,0,2,1
71.37125949612054,37,1,2,0
48.7539257254779,20,1,2,0
79.47184861270364,26,0,3,1
51.61151531532394,29,0,1,0
100.99868810035079,1,1,2,0
54.334934153275256,35,0,1,0
63.55876967588649,70,0,2,0
86.27034434739339,59,0,1,0
45.3827136713209,69,0,1,0
74.54919869208258,33,0,2,0
96.14285508564856,51,0,1,0
37.85033530877545,12,1,1,0
73.69267717064608,20,0,0,0
75.19765588496847,53,0,1,0
85.6364574355462,43,1,1,0
45.26098578243836,50,1,2,0
43.59086773831447,29,1,0,0
80.43883131233795,57,0,2,0
75.93969346466372,39,1,3,0
75.00985700691753,56,0,0,0
76.9289641899395,43,0,2,0
56.399505568430186,50,0,2,0
74.64507394322007,23,1,1,0
75.86144946597362,44,1,2,0
55.71297163947264,38,1,0,0
107.31549022289514,23,1,3,0
79.47665841823576,45,1,3,0
46.173930055947025,52,0,0,0
83.1310721726766,50,0,1,0
50.50636659545357,8,0,2,1
85.74169207484904,1,0,1,1
93.17191158014808,8,1,2,0
53.58635363296579,29,1,0,0
89.26752258488644,5,0,1,1
78.25561853872996,47,1,3,0
86.4412031998898,34,1,2,0
107.93585965307895,65,0,3,1
65.09223767994258,55,0,1,0
54.925276712850206,43,1,0,0
52.209711407489536,30,1,2,0
53.68379430069123,17,0,1,0
68.45796581171791,26,0,1,0
76.82303949633288,8,0,0,1
75.53381598660039,47,1,2,0
86.54366498072048,46,0,1,0
70.26003783755814,68,0,6,1
99.07068154314634,33,1,3,0
64.70686333524088,1,1,0,0
124.40338333179238,19,1,2,0
82.51334695530012,31,1,1,0
52.856848871674345,14,1,2,0
48.582150038777755,53,0,3,1
79.64944830486371,48,0,2,0
65.53074429348298,69,1,2,0
84.28000988184183,62,1,2,0
79.4647524914709,66,1,0,0
68.54342174686255,64,1,1,0
53.0641256386319,70,1,0,0
39.70305550628271,63,0,2,0
61.06970095865958,33,0,2,0
87.12797588646944,41,0,1,0
74.28187488260409,48,0,0,0
45.08522442576024,13,1,0,0
73.46361851702363,31,0,0,0
77.70634759457674,68,1,4,0
52.32285127597734,4,1,1,0
73.07450211891056,19,1,1,0
71.16417436892,70,0,1,0
47.14059404338754,13,1,3,0
77.15574720696567,23,0,3,1
81.21569052736469,1,0,3,1
91.66102486350553,54,1,1,0
91.07604104069806,71,1,1,0
42.44661264085818,15,1,5,0
51.243499201697546,65,0,1,0
80.3007053441732,71,1,1,0
80.27571901824417,15,0,1,0
80.30095372612095,21,1,0,0
147.05462981309444,19,1,0,0
81.41781021386333,60,0,0,0
92.71131280361197,33,0,3,1
89.08003526986406,49,0,0,0
83.02782502611596,35,0,0,0
63.69461510719309,44,0,0,0
85.17938440986535,11,0,1,1
54.54349570924856,66,1,1,0
65.26362786519982,46,1,0,0
60.29272904341793,9,0,2,1
71.63748278772646,3,1,0,0
116.29317133347017,26,0,1,0
32.65469614816504,48,1,0,0
83.72520380749027,66,1,3,0
37.74568257620697,70,0,2,0
60.56136268421133,28,0,1,0
91.77901193934733,26,0,1,0
71.28560038190926,25,1,3,0
48.445104441413875,12,0,1,0
55.693925814800636,5,1,1,0
83.59195497869352,48,0,1,0
55.39266736565727,37,1,2,0
74.3291717916395,44,1,1,0
70.91143679807628,15,0,0,0
56.96799304788366,43,1,1,0
112.87888178650651,48,1,2,0
82.67838044636022,70,0,1,0
29.49714826684786,46,1,0,0
73.72908629538856,43,0,5,1
56.76427070463224,21,0,2,0
87.04866669592448,23,0,0,0
54.14958523134599,47,0,3,1
67.70527117066202,15,1,3,0
80.09974557960915,25,1,0,0
87.31510388340243,36,1,2,0
45.994071858884475,51,0,1,0
63.30997528318103,15,1,1,0
60.50109377678088,68,1,2,0
56.93341534852576,21,0,2,0
105.30908480562194,13,0,0,0
78.09963421921911,19,1,1,0
44.782320913299095,34,0,0,0
88.35723894109552,68,0,1,0
112.44312394025266,52,0,3,1
90.64930521102293,27,0,0,0
39.61260068091973,29,1,2,0
60.31531854267497,28,0,3,1
95.33822298373245,35,0,4,1
55.846610687624384,8,0,1,1
78.87638856292457,16,0,3,1
85.49268106858673,36,0,0,0
51.46139056843834,30,0,5,1
68.809492878764,18,0,3,1
5.174653198618543,2,0,2,1
49.51224717331421,49,1,0,0
64.9486369721368,4,0,1,1
45.044336360703014,7,1,0,0
102.6482260786327,39,0,2,0
41.397172440787344,13,0,0,0
61.19911026606032,31,0,0,0
72.61481154572182,71,0,2,0
98.82546578132231,63,1,2,0
41.282756976411214,56,0,1,0
93.26327504309918,42,0,2,0
70.20466122039174,61,1,1,0
50.36982697904098,42,1,1,0
79.24206948526542,56,0,1,0
73.9811939114694,36,1,4,0
57.99566245682411,68,1,0,0
71.39604169980038,7,1,2,0
62.2937280627648,54,0,0,0
72.27034690502497,1,0,1,1
83.24261349042094,44,0,1,0
101.72033632290704,45,1,1,0
45.24369002346302,47,0,1,0
112.66066749312533,13,1,5,0
30.958244009549965,22,0,1,0
66.96429809928833,21,0,1,0
81.76634412969153,9,1,0,0
75.61983735470065,26,0,3,1
57.546009603588125,9,1,2,0
65.83755499285449,15,1,0,0
60.139981306823344,10,0,1,1
58.21270486111577,42,1,0,0
86.99204194042049,24,0,2,0
77.14030971930094,49,0,1,0
56.14180809478692,26,1,1,0
87.99199750866501,37,0,3,1
76.14599041753219,68,1,3,0
86.2572423767792,50,0,4,1
82.59257683847224,24,0,2,0
53.420099781558555,19,0,1,0
58.79637919606061,60,0,3,1
84.94587210246523,39,0,0,0
82.2074053086693,18,1,5,0
69.58196812071704,19,1,0,0
72.34654766617564,36,1,2,0
95.5532979157685,55,1,2,0
58.168572223283405,69,1,3,0
80.94194762340075,47,1,1,0
65.95614695132213,49,0,2,0
65.6463759354556,33,0,2,0
91.9755370397438,21,1,1,0
86.5083269797606,22,1,0,0
86.27019272001277,48,0,5,1
96.10957614308658,37,0,2,0
70.42007683265518,15,0,0,0
83.63905942589928,35,1,1,0
63.79466486813088,71,1,3,0
76.48332704976885,32,1,0,0
67.39713891264631,11,0,0,1
71.93991929985437,10,0,1,1
81.90314050873828,57,1,4,0
53.63558633533055,25,1,2,0
111.84774551370921,2,0,1,1
49.87965237000596,64,0,2,0
45.71622774424536,35,0,4,1
93.16221747000135,7,0,0,1
85.83325387925872,18,1,1,0
82.4823963410431,67,0,4,1
82.5669101852856,42,0,1,0
69.7550645430617,39,0,0,0
52.05491257028337,41,1,1,0
71.51609116387452,24,1,1,0
56.456765769757766,60,0,0,0
89.50239466835502,46,0,0,0
67.05885236995722,19,0,4,1
53.49005606414977,68,1,2,0
63.57228316694013,42,1,1,0
78.25862908551248,32,1,1,0
58.7255089439205,39,0,1,0
53.555592088671375,36,1,0,0
74.87374422983825,36,0,1,0
74.89933142217446,3,0,2,1
59.8611364925774,8,0,0,1
60.57923388763354,70,1,1,0
74.64099874715272,41,0,2,0
41.03831317005351,68,1,2,0
41.850724512468894,13,1,1,0
55.63111557495128,49,0,1,0
65.73105696576306,60,0,1,0
76.2181513119601,2,1,1,0
99.50712433899105,60,0,1,0
87.15319246404039,5,1,3,1
66.80122940073146,44,0,2,0
69.61967584194622,27,1,4,0
49.94941270724382,32,1,2,0
69.6297372801522,21,1,2,0
64.22682722159723,8,1,2,0
76.45437120676179,50,0,2,0
53.45538112895354,67,0,0,0
80.38693028482345,44,1,1,0
100.65477826005156,58,1,2,0
67.82479703086285,3,0,1,1
78.03423444197882,70,0,1,0
83.80287983422225,2,0,1,1
61.97559056228327,44,0,1,0
74.48184963620834,2,0,1,1
70.2518480156359,35,0,0,0
71.95352197097664,30,1,2,0
54.539804322890674,8,0,2,1
70.49020348517885,22,0,2,0
79.95996582490899,44,1,0,0
99.02287215590084,58,0,3,1
89.18541652170414,36,0,1,0
113.06364915023113,69,0,0,0
54.65304874223901,31,0,1,0
87.44641273441357,47,0,1,0
73.66684011476704,55,1,4,0
113.79605866435344,62,0,1,0
53.83403429289697,30,1,0,0
53.20556315638448,55,1,2,0
58.01214709111956,16,0,1,0
27.52208551380386,12,1,1,0
59.48489956638478,17,0,1,0
54.81734676892604,16,1,1,0
73.00787572952416,12,1,1,0
76.83511951554318,8,0,3,1
107.52341678431773,3,0,1,1
89.008476763721,16,0,0,0
58.46192688675194,30,0,0,0
52.03170657303284,23,0,1,0
79.83838343013011,5,1,3,1
43.59533585958715,65,1,0,0
106.62917531708707,30,1,0,0
93.58880241442574,21,1,2,0
60.616486957905906,70,1,0,0
35.73730941818245,22,1,0,0
97.07744748330825,32,1,1,0
67.70920309494764,33,0,0,0
94.75632623946923,16,0,1,0
38.11144682411266,38,1,1,0
58.012499540924544,14,1,0,0
70.10487399436366,36,0,2,0
70.93961187529484,23,0,1,0
60.99869057041513,66,0,1,0
82.45699864694997,2,0,3,1
48.64759141234811,65,1,0,0
67.15241029957413,67,0,0,0
72.40591263423798,52,1,3,0
80.28877668117498,62,1,1,0
84.2322975617778,23,1,3,0
47.507158163242615,26,0,2,0
39.317716585287556,68,0,4,1
95.55353643797018,55,1,2,0
76.64628023959183,6,1,4,1
55.03026926886893,35,1,1,0
101.02303951045046,22,0,1,0
72.31349268585717,43,1,3,0
93.58594368127653,15,0,2,0
71.35036962820217,60,1,0,0
111.21495849763974,12,1,0,0
105.10681684886409,49,1,1,0
65.02071703041852,42,0,2,0
89.43141901908712,38,0,1,0
82.90751899170294,45,1,3,0
97.37263115064698,35,0,3,1
50.70153078839791,30,1,0,0
83.72102919996878,30,0,0,0
91.16848973699176,6,0,2,1
34.82521027153771,67,0,4,1
46.3348297466845,7,1,1,0
29.21535644479799,52,0,0,0
64.61186331110885,14,0,1,0
84.35084511591924,15,1,1,0
100.04714104192055,21,1,2,0
71.4818956083955,35,1,1,0
102.57231091142583,66,1,2,0
42.39797083570217,2,0,0,1
35.932351212896904,35,0,2,0
68.88904602206762,20,0,4,1
77.68130897878615,10,0,3,1
69.34610503811814,25,0,0,0
28.651157999202468,66,1,2,0
68.21759920974424,25,0,2,0
43.91060998990294,54,0,1,0
83.39345097660077,33,0,0,0
77.33196492193696,36,1,2,0
51.2024042734529,14,1,2,0
59.72266165326613,65,0,0,0
48.815729562220966,54,1,1,0
68.74641805453656,52,1,3,0
89.10284641002477,3,1,2,0
50.285479073289125,41,1,0,0
80.08093031035689,6,1,0,0
59.39484763255118,25,1,2,0
54.142543354753116,13,1,1,0
67.85939280090885,8,0,1,1
49.295153551612515,21,0,3,1
58.927013893056355,68,1,2,0
46.04244214822303,25,0,0,0
109.29450265832779,68,0,0,0
70.70527103943458,45,1,2,0
56.005489840148286,60,0,0,0
74.27959821468444,12,1,3,0
67.7534390061834,32,1,1,0
65.58060800933553,13,1,1,0
82.2833340008685,31,0,3,1
85.1501542009461,20,0,1,0
59.38997704778945,18,0,0,0
58.4836351871064,60,0,4,1
64.49896605696712,63,1,1,0
23.9615767052883,6,1,3,1
39.69617875602896,32,0,1,0
97.3374853488905,43,1,3,0
102.89935427002567,2,1,1,0
65.01927920887243,60,0,0,0
81.53113926111533,23,1,1,0
76.22500309087073,31,0,2,0
131.57761616910477,5,1,1,0
92.39149822869153,34,0,0,0
67.44164817038467,10,1,1,0
50.889191187991486,2,1,1,0
37.87107359484855,11,0,2,1
74.06927271734446,50,0,3,1
54.87298509431393,31,0,5,1
41.55492580804652,56,0,3,1
57.06854231514947,9,1,2,0
48.3690399277121,21,1,3,0
103.74283270145129,28,0,2,0
87.63279513898901,62,1,2,0
69.84054717366766,7,0,1,1
99.59888277780053,16,0,1,0
71.54736615295236,4,1,1,0
52.774315973434724,4,1,4,1
100.46248154539315,40,0,3,1
80.77820087369318,17,0,1,0
49.25507691347087,52,0,1,0
66.19322643832784,52,1,3,0
52.48763493230486,36,1,1,0
42.34400538071328,38,1,1,0
88.52355095063282,50,1,1,0
108.18833280940261,63,0,1,0
42.02864852361718,63,0,0,0
81.25938473381142,62,0,3,1
56.98714861756346,7,0,1,1
60.25749232470608,27,0,0,0
58.15212151522262,14,0,2,0
52.72018460640368,71,1,1,0
70.97043255889653,5,1,2,0
53.38099767177924,55,0,1,0
75.40913651559677,2,0,2,1
68.99523781101726,62,1,0,0
65.2210390626718,21,1,2,0
51.848726759168045,21,1,1,0
58.46457338863335,10,1,2,0
85.10782451651512,58,0,3,1
80.01834375248761,39,0,1,0
50.44889510402898,5,0,2,1
71.98664610858452,65,0,1,0
85.02774246743579,13,0,3,1
36.61189437757257,53,1,1,0
80.8672038475987,45,0,1,0
56.74752482108307,32,1,1,0
81.41197337186318,36,0,1,0
54.73481686914966,60,0,0,0
33.90235798670962,11,0,1,1
37.44915124233675,63,0,1,0
70.96169893322764,21,0,1,0
75.19445003442964,52,1,1,0
51.91366749791183,55,1,3,0
82.77184917554747,26,1,0,0
36.7695987546208,68,0,1,0
68.67840402705367,34,0,2,0
45.77967600475087,52,1,0,0
56.96327784395682,52,0,2,0
70.94797342632828,29,0,1,0
52.791732694320956,38,1,3,0
62.308889115403495,42,0,1,0
90.1258561842888,21,1,4,0
58.462162609537025,42,0,0,0
86.71384224130284,13,1,2,0
47.40586290684764,64,0,1,0
80.59608355830565,17,0,1,0
98.83137241315801,9,1,6,1
20.56710999745421,41,0,2,0
54.062094890590465,1,0,1,1
81.5414425436108,2,1,2,0
65.93909227914014,60,0,5,1
77.42291746742617,48,1,1,0
57.92029626568359,29,0,3,1
71.731795749458,10,0,1,1
66.88645529215842,58,0,1,0
93.35564123319614,60,0,0,0
75.08841686602426,21,1,3,0
76.75205324150404,28,0,3,1
61.76246067755065,34,1,2,0
60.24787551855013,8,0,1,1
61.34883624360758,59,0,1,0
77.88904284756593,49,0,2,0
61.58031038359474,17,0,0,0
75.79549713792827,60,1,0,0
111.50801597290878,45,1,2,0
87.42249406863385,69,1,2,0
63.47952935664318,32,1,2,0
94.02427844327889,44,0,0,0
61.838492539568975,65,1,0,0
29.237509296442923,8,1,1,0
49.83827378165192,43,0,2,0
32.58416157948289,1,0,0,1
62.96973031917383,51,0,1,0
70.36836758379103,24,0,1,0
103.52874624550566,24,1,3,0
76.53854747528325,17,1,0,0
65.61798942382272,5,0,0,1
86.58811162366979,20,0,1,0
25.7772938198423,21,0,2,0
74.71229116217131,58,1,1,0
85.41730387773933,31,1,4,0
40.42827508440317,11,0,2,1
92.87508086413858,52,0,0,0
76.76992814988829,15,1,1,0
61.69424172198397,7,0,3,1
82.6556373221257,28,0,2,0
115.41385715608791,51,1,1,0
73.6373251011699,58,0,0,0
74.96441172600672,5,1,0,0
60.81278200919512,5,0,3,1
53.003112610704164,8,0,3,1
86.60671633088491,64,1,0,0
52.878323481822655,10,1,2,0
71.43132474438785,38,0,0,0
60.44685106469767,8,1,4,1
79.57959651492784,25,0,0,0
76.67324210573896,66,0,1,0
90.75079888515799,50,1,2,0
59.79967202290506,67,0,0,0
64.60250129413258,49,0,1,0
50.42472568435385,36,1,0,0
61.114134798477764,68,1,3,0
77.54600986089704,41,0,3,1
85.13977233290704,62,1,1,0
51.556693516447496,10,1,2,0
87.3921184021132,21,1,0,0
97.11275717609902,36,1,1,0
78.26869806447402,12,0,3,1
107.53591625116132,2,0,3,1
54.52421601792854,13,0,0,0
45.10690593377166,53,1,0,0
34.425595021914425,32,1,1,0
99.92088622978366,16,1,2,0
83.08731312708116,32,1,0,0
68.8883065817909,32,1,1,0
75.59937252639641,11,1,2,0
47.490219054032465,10,1,0,0
118.91503959233653,15,0,0,0
72.58442363950455,17,0,0,0
72.18789589209786,40,1,2,0
84.51533247797384,18,1,2,0
79.62018463473427,55,1,2,0
74.47768048558262,25,0,1,0
54.190510891093766,59,0,4,1
79.42936714271991,22,1,2,0
107.64048992950067,30,1,2,0
96.90840092309955,44,0,1,0
101.86373253278794,32,0,1,0
59.7756864713763,51,0,2,0
50.20790359482838,46,0,2,0
67.48426159800704,21,1,1,0
71.11449824577389,32,0,2,0
91.88383036941897,39,0,2,0
36.15070740570361,12,1,0,0
100.59100638921228,47,0,1,0
66.83984202842021,18,0,0,0
61.4623786010516,21,0,3,1
49.75791249479665,13,1,1,0
36.902866562684615,21,0,2,0
86.46341167923829,8,1,2,0
71.46635934376808,46,1,0,0
44.20078200517892,7,0,4,1
44.09842455872768,23,0,2,0
63.28430601419743,22,0,1,0
103.38043050578786,22,0,0,0
64.8081729727279,29,1,1,0
39.93714093763788,13,0,1,0
65.08513871828112,2,0,0,1
64.54552860504658,29,0,3,1
16.06226714116857,52,1,2,0
68.91410266964375,27,0,0,0
65.38130939582643,50,0,2,0
83.92412729626837,23,1,1,0
106.9791218989069,44,1,0,0
92.53130059095514,22,0,2,0
64.62222618890338,43,0,4,1
47.869481825166595,37,0,3,1
121.46719606499721,61,0,2,0
71.18436868028977,56,0,2,0
70.27858583825892,3,1,1,0
69.51749825779993,63,1,1,0
73.9616952153571,19,0,3,1
67.11279176152115,23,0,2,0
58.526759862395274,29,1,1,0
59.062821175192155,30,0,2,0
69.34493459568003,39,0,2,0
59.131504577324705,25,0,0,0
55.74308434645671,8,0,2,1
72.12860455383793,58,0,0,0
64.90045565158289,16,1,1,0
100.07985977165377,1,0,3,1
16.980603832139764,5,0,4,1
91.83013703844924,3,0,3,1
94.92170384995258,65,1,1,0
28.53219535183701,4,1,2,0
63.146248118393025,64,1,0,0
62.57118268008417,10,1,3,1
41.849766105643575,21,0,1,0
54.443666248182495,46,1,1,0
47.78848309068343,27,0,0,0
105.04540886847246,66,0,0,0
88.71356786294922,41,1,1,0
95.43110189988317,13,1,1,0
84.4334412808647,9,1,1,0
47.418964575655416,36,1,1,0
59.509594674404525,58,1,1,0
79.78749122455837,54,0,0,0
45.55744382216109,12,1,3,0
84.25996860344776,14,1,1,0
65.1934920368373,34,1,0,0
62.50358384900805,53,0,0,0
84.21919936406982,20,1,0,0
78.8852662297208,16,0,2,0
62.7806766836184,70,1,3,0
93.18659606728497,56,1,0,0
48.37873344800205,58,0,0,0
82.31871213888527,4,1,0,0
81.86202515936768,4,0,1,1
63.809071213720195,20,0,4,1
76.52266044484236,10,0,1,1
44.97772847229394,24,1,0,0
88.48054038413802,26,1,0,0
66.30195727114022,37,1,2,0
59.54553958961921,54,0,1,0
90.98018451673778,21,1,0,0
55.91312618914482,38,0,1,0
41.83077407272881,46,1,0,0
38.867416529521925,4,0,3,1
82.12019902691279,60,0,1,0
44.39141295007434,57,0,0,0
105.09588363968729,45,1,0,0
28.36141184232556,20,0,3,1
103.92912736580077,17,0,1,0
74.22034934405237,71,0,1,0
68.06573776259215,4,0,2,1
59.10161826382101,14,0,2,0
77.98272228704141,3,0,1,1
69.24730595150304,58,1,1,0
92.06603764033042,55,1,2,0
72.28455297324079,4,0,2,1
73.00603522923755,24,1,2,0
62.72775575572288,34,1,1,0
68.86108752557865,30,0,2,0
76.15603537784118,19,0,2,0
35.79663214686749,31,0,2,0
43.03629155788574,60,1,0,0
84.8652818804543,60,0,4,1
73.41730876255883,19,1,2,0
66.32033327294641,49,0,1,0
70.36867866130787,63,1,2,0
76.95163410723342,22,0,2,0
59.204806393812774,24,0,0,0
54.433905491953745,30,1,1,0
73.91690510195363,58,1,2,0
50.43254444769936,31,1,1,0
78.16505511428943,64,1,3,0
35.94832791524319,19,1,1,0
90.58311274651288,48,1,1,0
79.45194964826086,45,0,2,0
75.12059468627751,55,1,0,0
89.65381967891028,55,0,1,0
103.30948888925153,18,0,1,0
90.2874013003626,63,1,2,0
33.182515373367096,47,0,1,0
44.40846066528597,57,1,2,0
57.503628446086424,45,1,2,0
70.52182100421668,33,0,0,0
80.35318040938246,17,0,4,1
55.48512373693069,70,1,3,0
73.73533528954157,4,1,0,0
54.89234135293355,20,0,1,0
57.76964394016103,47,0,1,0
41.866778063035554,15,0,2,0
51.535335077781916,70,0,1,0
42.966307887673324,47,1,0,0
50.48253494045335,9,1,0,0
91.07283593215679,16,1,1,0
51.01202222336114,69,1,1,0
122.64764129674782,61,0,1,0
79.86635801761778,10,0,4,1
73.69672247389748,50,1,0,0
52.832844396375734,3,1,3,1
84.00619758817983,70,1,4,0
58.487243475244526,51,1,1,0
72.44019629290723,19,1,1,0
121.2016907653759,42,1,1,0
68.078802005507,35,1,0,0
92.98546652571352,46,1,3,0
55.93647149748225,26,1,2,0
69.30023019006076,69,0,1,0
105.4160127127102,64,1,3,0
57.46065884424465,37,0,4,1
106.24897115993858,49,0,0,0
84.1550387091095,21,1,3,0
58.750664482114644,64,1,1,0
82.64815478111042,5,0,2,1
89.4510889925346,70,0,1,0
82.43619924434392,4,1,1,0
38.59550560219087,39,0,3,1
55.45725648350263,35,1,2,0
65.0496272889699,1,1,2,0
68.51133141799907,24,1,0,0
82.41344195101357,57,0,1,0
73.55402001866507,70,0,1,0
43.29311282579798,41,1,2,0
77.60395702011927,54,0,3,1
82.21171490567646,46,0,3,1
81.1958089586208,60,0,2,0
91.61561451109243,60,0,0,0
86.67844309097808,57,0,2,0
79.18360158456873,31,0,0,0
68.59668577082707,24,0,2,0
36.780781329680174,36,1,3,0
78.59236438265171,30,0,1,0
74.15375374326223,24,0,3,1
75.43157674390747,30,0,1,0
44.46502848359381,7,0,0,1
48.37886919183475,35,0,3,1
91.06305706665808,55,0,0,0
69.2088969228669,14,0,2,0
83.63001394745248,10,0,2,1
70.56636752260923,16,1,4,0
70.59512278991491,54,0,3,1
88.76567611951995,70,0,2,0
59.679105435652524,44,0,2,0
71.92241553881966,45,0,3,1
60.75449422589915,56,1,2,0
61.31007545135369,57,1,2,0
63.816557530627215,21,1,0,0
74.44267543267426,68,1,2,0
60.42502756673045,50,1,1,0
95.11512251147042,33,1,2,0
52.107853955609926,7,1,2,0
66.26256711677281,70,1,2,0
61.2053788345165,15,1,2,0
98.93955768707465,32,1,2,0
73.93109553023149,20,1,2,0
90.6368907893727,15,1,1,0
40.28879253926056,48,1,2,0
75.34100531738518,71,1,4,0
87.79261591246873,21,1,0,0
71.64567978550848,42,1,0,0
91.30960750130703,26,0,1,0
59.654230997992556,14,1,0,0
98.1869488037116,57,0,3,1
115.977962472385,37,1,0,0
62.74322879120682,58,1,0,0
61.08994957198456,21,0,3,1
99.06768954235402,69,1,1,0
101.59144291461425,3,0,2,1
59.54279945693463,37,0,0,0
61.596263658082854,49,0,0,0
64.36430782278985,19,1,2,0
43.11098977931446,12,1,0,0
51.626961070316035,61,1,0,0
49.91718466495864,41,0,2,0
54.64404869791743,33,0,2,0
69.30630225226437,50,1,2,0
74.68429465073041,68,1,3,0
101.01000985628154,71,1,2,0
50.03291918522418,33,1,3,0
89.68644796953167,24,1,2,0
65.72022311548982,61,0,1,0
69.01072580695134,61,0,3,1
83.49638984333208,28,0,1,0
47.54555956875403,58,1,1,0
77.64819492368102,43,0,0,0
73.32904416426112,41,0,1,0
79.84902528016298,39,0,1,0
75.78337287815636,49,0,3,1
119.10600279821789,17,0,0,0
57.24520031497368,70,1,1,0
59.380060899963645,70,0,1,0
57.53718947150471,65,1,1,0
58.890457616794905,5,1,1,0
57.252257453869646,2,1,1,0
93.78033062215104,22,1,0,0
98.4100849597971,57,1,1,0
58.58507412501048,66,0,2,0
53.352888537915426,16,0,2,0
79.42831112772808,51,1,0,0
58.95553911438057,39,1,1,0
82.65863635511022,40,1,6,0
74.058460417026,38,0,1,0
39.68511770005536,60,1,1,0
100.95010402660122,59,0,1,0
105.91755346191044,10,1,1,0
57.744226190312276,64,0,1,0
62.24596880128032,63,1,3,0
75.7173078144981,49,0,1,0
76.6891357997405,64,1,1,0
83.1708854534566,32,0,0,0
110.20409077532699,7,0,3,1
66.461055450119,21,0,0,0
54.03405510923093,20,0,0,0
42.41361543970946,26,0,2,0
55.38139920116162,68,0,1,0
69.33746054252406,15,0,3,1
105.89115727035576,14,1,1,0
59.64777401927657,27,1,0,0
74.47575903277797,40,1,5,0
69.67154207854496,58,1,1,0
93.76786546896167,28,1,2,0
120.53864851747244,26,0,2,0
59.382624541593586,63,0,0,0
60.21121114963556,66,0,0,0
90.88321754138144,25,0,1,0
83.63782979252623,3,0,3,1
106.93414651472068,44,1,1,0
81.67856370651927,42,1,2,0
62.81415818425881,6,1,0,0
81.81309661384618,39,1,2,0
92.17407161165815,52,0,0,0
86.40964362394729,23,0,1,0
80.14548062214595,50,0,0,0
91.33349379178307,43,1,1,0
93.38591180891345,19,0,1,0
97.64317982075055,69,1,0,0
82.97419775179286,51,0,1,0
66.65763839366291,11,0,1,1
72.93427372866645,12,1,1,0
94.13017933016714,8,0,2,1
53.66128658025528,24,0,1,0
77.37346617745803,41,1,3,0
62.13322375345279,36,0,1,0
70.57489645869634,55,1,0,0
95.56903725214598,9,0,2,1
73.82198136039807,47,0,3,1
70.92873096312297,15,0,2,0
42.802877180401616,48,0,1,0
84.92507132054442,42,0,1,0
82.9096836228215,60,0,2,0
113.2650944661092,70,0,2,0
63.844435300939985,12,0,2,0
74.38300655327878,2,1,2,0
74.9876736742151,7,1,2,0
101.5490655952695,3,0,6,1
68.09408935226095,3,0,0,1
75.58043051540679,27,1,2,0
82.15793019433079,40,0,2,0
73.73218246312716,33,0,0,0
61.071327708989436,1,1,2,0
73.88179985796616,8,0,1,1
91.47263499719544,32,0,1,0
49.4696940117788,48,1,4,0
72.65939348293752,4,0,3,1
55.997583701216534,70,0,1,0
93.90093257849685,19,1,0,0
39.536261904324505,32,0,0,0
58.82156305456823,9,1,0,0
77.54423750129041,12,0,2,0
101.31048058468681,11,0,2,1
68.68499477854024,46,1,5,0
58.896009466136036,16,1,1,0
107.6231413888118,1,0,0,1
41.03972199167512,63,1,1,0
26.023880867598365,21,1,2,0
78.80028900106664,30,0,1,0
59.958915512947776,13,0,3,1
49.57534365738574,34,0,2,0
84.16712894598706,4,1,1,0
74.87601427542398,28,1,3,0
58.71842738526543,59,1,0,0
44.393912026582115,27,1,0,0
87.44914656560289,69,0,1,0
83.00402355917322,25,1,4,0
68.01648272441234,3,0,2,1
106.93273992095331,68,1,0,0
48.598304673476946,25,0,1,0
39.48949658150522,20,0,1,0
56.16183860237511,34,0,2,0
69.08827967289004,26,1,3,0
74.86678898645384,5,0,3,1
65.1752788428734,61,0,3,1
77.04110793028593,9,1,1,0
44.96921151619112,50,0,1,0
98.87529208146519,6,1,1,0
68.35697643214863,60,1,0,0
92.34591663176255,44,0,2,0
76.85450692755408,11,0,1,1
79.13506438307567,66,1,3,0
81.39534560464408,47,0,2,0
78.9541712003463,3,1,1,0
82.85445519735087,30,1,1,0
96.58305060264863,21,1,2,0
73.9304233940294,28,0,0,0
84.18007515177024,62,1,3,0
68.20528611425547,33,0,1,0
98.80234430898946,35,0,0,0
56.4721539588146,52,0,0,0
106.01880865821632,34,0,1,0
69.19684098711313,41,1,0,0
41.38449795763904,51,0,2,0
72.56208829821578,47,1,1,0
56.37896685050238,58,1,0,0
86.81287097977449,57,0,0,0
56.947520413952184,23,1,1,0
61.07633133570441,48,1,0,0
32.209185381089384,22,0,2,0
60.953873615018466,17,1,1,0
21.52241346742087,69,1,2,0
38.32194353028554,11,1,1,0
85.20829312288595,15,1,0,0
85.71600317301665,35,0,1,0
78.50915123569929,33,1,6,0
50.66047713741574,16,1,2,0
69.0457728771604,34,1,1,0
69.92794921818863,66,1,2,0
46.83270621614915,40,0,3,1
100.067966035343,28,1,1,0
87.54724581151342,47,0,3,1
65.58071652340672,39,1,0,0
70.53771677989062,70,0,2,0
74.16765615895105,20,0,0,0
29.165302631514187,1,0,3,1
65.05645234958806,63,0,2,0
56.36031504004403,67,0,4,1
49.96759980210169,4,1,1,0
64.3779941422809,58,1,3,0
105.95373053699045,25,1,0,0
82.8168572253402,47,0,2,0
58.57642020434406,38,1,1,0
81.45165562712317,15,0,1,0
